{
  "mesh_before_location": [
    0.0,
    0.0,
    0.0
  ],
  "mesh_before_centroid": [
    0.0016875679139047861,
    0.08338527381420135,
    0.0011993465013802052
  ],
  "mesh_before_bbox_center": [
    0.0,
    0.0,
    0.0
  ],
  "mesh_after_location": [
    0.0,
    -0.08675745874643326,
    0.03569330647587776
  ],
  "mesh_after_centroid": [
    0.0016875679139047861,
    -0.08795689791440964,
    0.11907856166362762
  ],
  "mesh_after_bbox_center": [
    0.0,
    -0.08675743639469147,
    0.03569331020116806
  ]
}